0, 26, 1, 100, 1, 1
1, 18, 1, 781, 1, 1
2, 12, 1, 474, 1, 1
3, 20, 1, 402, 1, 1
4, 30, 1, 108, 1, 1
5, 39, 1, 110, 1, 1
6, 13, 1, 375, 1, 1
7, 11, 3, 124, 1, 1
8, 14, 1, 96, 1, 1
9, 13, 1, 113, 1, 1
10, 19, 1, 107, 1, 1
11, 121, 1, 205, 1, 1
12, 12, 1, 107, 1, 1
13, 14, 1, 107, 1, 1
14, 40, 1, 283, 1, 1
15, 62, 1, 531, 1, 1
16, 13, 1, 299, 1, 1
17, 55, 1, 127, 1, 1
18, 17, 32, 320, 1, 1
19, 57, 1, 120, 1, 1
20, 107, 1, 751, 1, 1
21, 50, 1, 112, 1, 1
22, 20, 1, 193, 1, 1
23, 28, 1, 179, 1, 1
24, 29, 1, 125, 1, 1
25, 11, 1, 229, 1, 1
26, 204, 1, 178, 1, 1
27, 15, 1, 100, 1, 1
28, 51, 1, 479, 1, 1
29, 100, 1, 104, 1, 1
30, 40, 1, 436, 1, 1
31, 21, 1, 572, 1, 1
32, 66, 1, 114, 1, 1
33, 11, 1, 210, 1, 1
34, 186, 1, 551, 1, 1
35, 11, 1, 865, 1, 1
36, 79, 1, 235, 1, 1
37, 11, 1, 101, 1, 1
38, 31, 1, 141, 1, 1
39, 21, 1, 107, 1, 1
40, 27, 1, 568, 1, 1
41, 43, 1, 182, 1, 1
42, 12, 1, 230, 1, 1
43, 15, 1, 248, 1, 1
44, 30, 1, 104, 1, 1
45, 24, 1, 281, 1, 1
46, 26, 5, 676, 1, 1
47, 23, 1, 193, 1, 1
48, 36, 1, 456, 1, 1
49, 63, 1, 256, 1, 1
50, 11, 1, 172, 1, 1
51, 167, 1, 156, 1, 1
52, 13, 1, 178, 1, 1
53, 23, 1, 104, 1, 1
54, 24, 1, 109, 1, 1
55, 50, 1, 465, 1, 1
56, 21, 1, 531, 1, 1
57, 16, 1, 102, 1, 1
58, 67, 1, 96, 1, 1
59, 32, 1, 160, 1, 1
60, 22, 27, 113, 1, 1
61, 15, 1, 137, 1, 1
62, 13, 1, 178, 1, 1
63, 305, 1, 121, 1, 1
64, 15, 1, 96, 1, 1
65, 78, 1, 176, 1, 1
66, 20, 1, 204, 1, 1
67, 17, 1, 93, 1, 1
68, 155, 1, 422, 1, 1
69, 75, 1, 418, 1, 1
70, 62, 1, 126, 1, 1
71, 12, 1, 94, 1, 1
72, 23, 1, 875, 1, 1
73, 53, 1, 96, 1, 1
74, 22, 1, 102, 1, 1
75, 127, 14, 138, 1, 1
76, 61, 1, 302, 1, 1
77, 22, 1, 255, 1, 1
78, 12, 1, 109, 1, 1
79, 15, 1, 184, 1, 1
80, 22, 1, 513, 1, 1
81, 12, 1, 292, 1, 1
82, 19, 1, 217, 1, 1
83, 46, 1, 99, 1, 1
84, 46, 1, 496, 1, 1
85, 37, 1, 104, 1, 1
86, 14, 2, 95, 1, 1
87, 11, 1, 761, 1, 1
88, 29, 1, 116, 1, 1
89, 16, 1, 410, 1, 1
90, 13, 1, 175, 1, 1
91, 12, 1, 121, 1, 1
92, 25, 1, 725, 1, 1
93, 63, 1, 565, 1, 1
94, 112, 1, 302, 1, 1
95, 35, 1, 139, 1, 1
96, 15, 1, 348, 1, 1
97, 63, 1, 183, 1, 1
98, 14, 1, 225, 1, 1
99, 34, 1, 155, 1, 1
100, 24, 1, 111, 1, 1
101, 17, 1, 133, 1, 1
102, 49, 1, 250, 1, 1
103, 17, 1, 216, 1, 1
104, 42, 1, 429, 1, 1
105, 36, 1, 166, 1, 1
106, 11, 1, 121, 1, 1
107, 13, 1, 811, 1, 1
108, 13, 1, 110, 1, 1
109, 12, 1, 127, 1, 1
110, 93, 1, 463, 1, 1
111, 42, 1, 99, 1, 1
112, 304, 1, 418, 1, 1
113, 116, 14, 156, 1, 1
114, 17, 1, 1051, 1, 1
115, 102, 1, 247, 1, 1
116, 20, 1, 214, 1, 1
117, 24, 1, 119, 1, 1
118, 18, 1, 202, 1, 1
119, 11, 1, 97, 1, 1
120, 223, 1, 135, 1, 1
121, 25, 1, 103, 1, 1
122, 24, 1, 345, 1, 1
123, 16, 1, 111, 1, 1
124, 43, 1, 116, 1, 1
125, 17, 1, 99, 1, 1
126, 86, 1, 203, 1, 1
127, 19, 1, 445, 1, 1
128, 44, 1, 141, 1, 1
129, 29, 1, 642, 1, 1
130, 14, 1, 119, 1, 1
131, 51, 1, 285, 1, 1
132, 12, 1, 293, 1, 1
133, 108, 1, 174, 1, 1
134, 27, 1, 199, 1, 1
135, 20, 1, 122, 1, 1
136, 138, 1, 122, 1, 1
137, 30, 1, 194, 1, 1
138, 167, 1, 204, 1, 1
139, 29, 1, 139, 1, 1
140, 312, 1, 113, 1, 1
141, 44, 1, 98, 1, 1
142, 16, 1, 116, 1, 1
143, 22, 1, 196, 1, 1
144, 11, 1, 116, 1, 1
145, 13, 1, 99, 1, 1
146, 14, 1, 355, 1, 1
147, 56, 1, 321, 1, 1
148, 11, 1, 276, 1, 1
149, 31, 2, 140, 1, 1
150, 65, 1, 171, 1, 1
151, 15, 1, 121, 1, 1
152, 50, 1, 138, 1, 1
153, 21, 1, 388, 1, 1
154, 131, 1, 207, 1, 1
155, 128, 1, 173, 1, 1
156, 17, 1, 270, 1, 1
157, 18, 1, 126, 1, 1
158, 180, 45, 104, 1, 1
159, 75, 1, 214, 1, 1
160, 35, 1, 193, 1, 1
161, 40, 1, 195, 1, 1
162, 17, 1, 179, 1, 1
163, 67, 1, 287, 1, 1
164, 25, 1, 171, 1, 1
165, 11, 1, 107, 1, 1
166, 22, 1, 674, 1, 1
167, 101, 1, 188, 1, 1
168, 18, 1, 247, 1, 1
169, 66, 1, 513, 1, 1
170, 11, 1, 219, 1, 1
171, 48, 1, 91, 1, 1
172, 11, 1, 381, 1, 1
173, 13, 2, 646, 1, 1
174, 20, 1, 124, 1, 1
175, 40, 50, 104, 1, 1
176, 59, 1, 577, 1, 1
177, 64, 1, 116, 1, 1
178, 125, 1, 139, 1, 1
179, 20, 1, 492, 1, 1
180, 120, 1, 183, 1, 1
181, 23, 2, 144, 1, 1
182, 21, 1, 262, 1, 1
183, 27, 1, 295, 1, 1
184, 12, 1, 780, 1, 1
185, 15, 1, 170, 1, 1
186, 59, 1, 145, 1, 1
187, 76, 1, 163, 1, 1
188, 67, 1, 204, 1, 1
189, 13, 1, 108, 1, 1
190, 148, 1, 109, 1, 1
191, 14, 1, 248, 1, 1
192, 266, 1, 285, 1, 1
193, 39, 1, 93, 1, 1
194, 16, 1, 94, 1, 1
195, 12, 1, 751, 1, 1
196, 27, 1, 104, 1, 1
197, 20, 1, 447, 1, 1
198, 12, 1, 577, 1, 1
199, 153, 2, 92, 1, 1
200, 49, 1, 301, 1, 1
201, 19, 1, 159, 1, 1
202, 12, 1, 202, 1, 1
203, 36, 1, 141, 1, 1
204, 23, 1, 473, 1, 1
205, 25, 1, 135, 1, 1
206, 11, 1, 243, 1, 1
207, 17, 1, 119, 1, 1
208, 277, 1, 439, 1, 1
209, 27, 1, 352, 1, 1
210, 27, 1, 119, 1, 1
211, 39, 34, 223, 1, 1
212, 16, 1, 316, 1, 1
213, 19, 1, 112, 1, 1
214, 26, 1, 703, 1, 1
215, 96, 1, 137, 1, 1
216, 17, 1, 180, 1, 1
217, 81, 1, 153, 1, 1
218, 38, 1, 164, 1, 1
219, 11, 1, 194, 1, 1
220, 126, 1, 659, 1, 1
221, 196, 1, 1025, 1, 1
222, 39, 1, 652, 1, 1
223, 17, 1, 166, 1, 1
224, 27, 1, 457, 1, 1
225, 33, 1, 100, 1, 1
226, 11, 1, 100, 1, 1
227, 13, 1, 264, 1, 1
228, 13, 1, 139, 1, 1
229, 234, 1, 202, 1, 1
230, 13, 1, 190, 1, 1
231, 35, 1, 865, 1, 1
232, 144, 1, 100, 1, 1
233, 125, 1, 104, 1, 1
234, 16, 1, 131, 1, 1
235, 12, 1, 179, 1, 1
236, 124, 1, 156, 1, 1
237, 15, 1, 102, 1, 1
238, 15, 1, 153, 1, 1
239, 20, 1, 100, 1, 1
240, 18, 1, 240, 1, 1
241, 13, 1, 186, 1, 1
242, 16, 1, 93, 1, 1
243, 23, 1, 228, 1, 1
244, 41, 1, 174, 1, 1
245, 33, 1, 149, 1, 1
246, 56, 1, 203, 1, 1
247, 18, 1, 135, 1, 1
248, 23, 1, 341, 1, 1
249, 33, 1, 327, 1, 1
250, 14, 1, 198, 1, 1
251, 19, 1, 709, 1, 1
252, 18, 1, 151, 1, 1
253, 13, 1, 528, 1, 1
254, 41, 1, 512, 1, 1
255, 23, 1, 122, 1, 1
256, 17, 1, 182, 1, 1
257, 78, 1, 348, 1, 1
258, 21, 1, 297, 1, 1
259, 16, 1, 249, 1, 1
260, 49, 1, 106, 1, 1
261, 34, 1, 91, 1, 1
262, 68, 1, 191, 1, 1
263, 15, 1, 321, 1, 1
264, 29, 1, 495, 1, 1
265, 16, 1, 389, 1, 1
266, 16, 1, 106, 1, 1
267, 18, 1, 166, 1, 1
268, 42, 1, 813, 1, 1
269, 16, 1, 102, 1, 1
270, 81, 1, 352, 1, 1
271, 12, 1, 97, 1, 1
272, 48, 1, 104, 1, 1
273, 16, 1, 562, 1, 1
274, 78, 1, 98, 1, 1
275, 20, 1, 97, 1, 1
276, 43, 1, 93, 1, 1
277, 21, 1, 104, 1, 1
278, 41, 1, 255, 1, 1
279, 11, 1, 102, 1, 1
280, 13, 1, 516, 1, 1
281, 13, 1, 354, 1, 1
282, 236, 1, 135, 1, 1
283, 13, 1, 98, 1, 1
284, 32, 1, 234, 1, 1
285, 16, 1, 122, 1, 1
286, 133, 1, 253, 1, 1
287, 13, 1, 112, 1, 1
288, 20, 1, 204, 1, 1
289, 21, 1, 330, 1, 1
290, 20, 1, 308, 1, 1
291, 84, 1, 185, 1, 1
292, 19, 1, 207, 1, 1
293, 59, 1, 326, 1, 1
294, 17, 1, 117, 1, 1
295, 42, 1, 444, 1, 1
296, 174, 1, 176, 1, 1
297, 74, 1, 153, 1, 1
298, 20, 1, 118, 1, 1
299, 103, 1, 100, 1, 1
300, 170, 1, 145, 1, 1
301, 12, 1, 182, 1, 1
302, 17, 1, 361, 1, 1
303, 28, 1, 503, 1, 1
304, 20, 1, 164, 1, 1
305, 321, 1, 95, 1, 1
306, 29, 1, 95, 1, 1
307, 18, 1, 91, 1, 1
308, 13, 1, 114, 1, 1
309, 26, 1, 93, 1, 1
310, 42, 1, 523, 1, 1
311, 12, 1, 97, 1, 1
312, 11, 1, 229, 1, 1
313, 13, 1, 229, 1, 1
314, 33, 1, 116, 1, 1
315, 19, 1, 119, 1, 1
316, 12, 1, 230, 1, 1
317, 30, 1, 152, 1, 1
318, 93, 1, 394, 1, 1
319, 131, 1, 588, 1, 1
320, 120, 1, 227, 1, 1
321, 41, 1, 493, 1, 1
322, 11, 1, 173, 1, 1
323, 27, 1, 932, 1, 1
324, 25, 1, 100, 1, 1
325, 173, 1, 92, 1, 1
326, 28, 1, 115, 1, 1
327, 66, 1, 695, 1, 1
328, 13, 1, 131, 1, 1
329, 22, 1, 200, 1, 1
330, 27, 1, 140, 1, 1
331, 147, 1, 135, 1, 1
332, 45, 1, 540, 1, 1
333, 15, 1, 188, 1, 1
334, 15, 1, 138, 1, 1
335, 12, 1, 246, 1, 1
336, 15, 1, 135, 1, 1
337, 33, 1, 317, 1, 1
338, 24, 1, 110, 1, 1
339, 24, 2, 241, 1, 1
340, 28, 13, 151, 1, 1
341, 19, 1, 158, 1, 1
342, 11, 1, 112, 1, 1
343, 40, 1, 532, 1, 1
344, 56, 1, 102, 1, 1
345, 17, 1, 715, 1, 1
346, 232, 1, 420, 1, 1
347, 12, 1, 553, 1, 1
348, 15, 1, 174, 1, 1
349, 40, 1, 122, 1, 1
350, 54, 1, 224, 1, 1
351, 30, 1, 147, 1, 1
352, 29, 1, 237, 1, 1
353, 25, 1, 118, 1, 1
354, 23, 1, 99, 1, 1
355, 25, 3, 155, 1, 1
356, 13, 1, 144, 1, 1
357, 94, 1, 106, 1, 1
358, 47, 1, 122, 1, 1
359, 22, 1, 182, 1, 1
360, 148, 1, 173, 1, 1
361, 167, 1, 239, 1, 1
362, 11, 1, 103, 1, 1
363, 62, 1, 307, 1, 1
364, 17, 1, 206, 1, 1
365, 16, 1, 245, 1, 1
366, 31, 1, 209, 1, 1
367, 246, 1, 108, 1, 1
368, 75, 1, 196, 1, 1
369, 91, 1, 187, 1, 1
370, 101, 1, 210, 1, 1
371, 19, 1, 116, 1, 1
372, 25, 10, 97, 1, 1
373, 232, 1, 106, 1, 1
374, 15, 1, 116, 1, 1
375, 86, 1, 91, 1, 1
376, 18, 1, 117, 1, 1
377, 98, 1, 108, 1, 1
378, 34, 1, 114, 1, 1
379, 39, 2, 239, 1, 1
380, 321, 1, 135, 1, 1
381, 18, 1, 176, 1, 1
382, 98, 1, 129, 1, 1
383, 14, 1, 108, 1, 1
384, 61, 1, 162, 1, 1
385, 36, 1, 128, 1, 1
386, 42, 1, 622, 1, 1
387, 16, 1, 250, 1, 1
388, 18, 1, 187, 1, 1
389, 96, 1, 837, 1, 1
390, 49, 1, 92, 1, 1
391, 34, 1, 132, 1, 1
392, 19, 1, 109, 1, 1
393, 27, 1, 108, 1, 1
394, 13, 1, 253, 1, 1
395, 54, 1, 277, 1, 1
396, 19, 1, 94, 1, 1
397, 13, 1, 130, 1, 1
398, 99, 1, 203, 1, 1
399, 18, 1, 97, 1, 1
400, 12, 1, 113, 1, 1
401, 19, 1, 885, 1, 1
402, 11, 1, 114, 1, 1
403, 128, 1, 501, 1, 1
404, 16, 1, 184, 1, 1
405, 229, 7, 118, 1, 1
406, 36, 1, 366, 1, 1
407, 38, 1, 268, 1, 1
408, 72, 1, 107, 1, 1
409, 42, 1, 243, 1, 1
410, 26, 1, 323, 1, 1
411, 102, 1, 92, 1, 1
412, 23, 4, 363, 1, 1
413, 135, 1, 97, 1, 1
414, 70, 1, 130, 1, 1
415, 30, 1, 226, 1, 1
416, 64, 1, 134, 1, 1
417, 93, 1, 429, 1, 1
418, 32, 14, 109, 1, 1
419, 19, 1, 124, 1, 1
420, 48, 1, 123, 1, 1
421, 13, 1, 714, 1, 1
422, 14, 1, 232, 1, 1
423, 17, 1, 221, 1, 1
424, 14, 1, 169, 1, 1
425, 28, 1, 381, 1, 1
426, 42, 1, 101, 1, 1
427, 15, 1, 838, 1, 1
428, 26, 1, 224, 1, 1
429, 11, 1, 96, 1, 1
430, 12, 1, 123, 1, 1
431, 12, 1, 808, 1, 1
432, 14, 1, 111, 1, 1
433, 67, 1, 199, 1, 1
434, 18, 1, 178, 1, 1
435, 19, 1, 138, 1, 1
436, 267, 1, 150, 1, 1
437, 17, 1, 188, 1, 1
438, 91, 1, 112, 1, 1
439, 17, 1, 107, 1, 1
440, 28, 1, 105, 1, 1
441, 282, 1, 115, 1, 1
442, 13, 1, 378, 1, 1
443, 258, 1, 137, 1, 1
444, 52, 1, 154, 1, 1
445, 37, 1, 327, 1, 1
446, 47, 1, 100, 1, 1
447, 15, 1, 238, 1, 1
448, 113, 3, 295, 1, 1
449, 34, 1, 172, 1, 1
450, 21, 1, 154, 1, 1
451, 32, 1, 115, 1, 1
452, 45, 1, 208, 1, 1
453, 79, 1, 236, 1, 1
454, 35, 1, 246, 1, 1
455, 20, 1, 177, 1, 1
456, 186, 1, 287, 1, 1
457, 63, 1, 145, 1, 1
458, 300, 1, 569, 1, 1
459, 51, 1, 225, 1, 1
460, 69, 1, 106, 1, 1
461, 147, 1, 1049, 1, 1
462, 53, 1, 92, 1, 1
463, 200, 1, 734, 1, 1
464, 143, 1, 672, 1, 1
465, 13, 1, 216, 1, 1
466, 230, 1, 346, 1, 1
467, 120, 1, 210, 1, 1
468, 27, 1, 94, 1, 1
469, 13, 1, 217, 1, 1
470, 55, 1, 166, 1, 1
471, 316, 1, 161, 1, 1
472, 11, 1, 108, 1, 1
473, 22, 1, 278, 1, 1
474, 23, 1, 111, 1, 1
475, 63, 1, 146, 1, 1
476, 29, 5, 183, 1, 1
477, 58, 1, 104, 1, 1
478, 12, 1, 145, 1, 1
479, 11, 1, 463, 1, 1
480, 15, 1, 162, 1, 1
481, 24, 1, 112, 1, 1
482, 15, 1, 610, 1, 1
483, 12, 1, 157, 1, 1
484, 13, 1, 944, 1, 1
485, 11, 1, 209, 1, 1
486, 16, 1, 96, 1, 1
487, 70, 1, 91, 1, 1
488, 63, 19, 136, 1, 1
489, 22, 1, 191, 1, 1
490, 20, 1, 97, 1, 1
491, 15, 1, 162, 1, 1
492, 24, 1, 998, 1, 1
493, 45, 1, 106, 1, 1
494, 49, 1, 106, 1, 1
495, 81, 1, 131, 1, 1
496, 11, 1, 137, 1, 1
497, 38, 2, 96, 1, 1
498, 12, 1, 112, 1, 1
499, 15, 1, 134, 1, 1
500, 1, 1, 153763, 1, 0, [0 176]
501, 1, 1, 25863, 1, 0, [1 227]
502, 1, 1, 24128, 1, 0, [2 375]
503, 1, 1, 21475, 1, 0, [3 283]
504, 1, 1, 15839, 1, 0, [3 438]
505, 1, 1, 22087, 1, 0, [4 261]
506, 1, 1, 41268, 1, 0, [5 285]
507, 1, 1, 26573, 1, 0, [6 53]
508, 1, 1, 374339, 1, 0, [7 264]
509, 1, 1, 40943, 1, 0, [8 473]
510, 1, 1, 15900, 1, 0, [9 150]
511, 1, 1, 437368, 1, 0, [10 413]
512, 1, 1, 249373, 1, 0, [11 447]
513, 1, 1, 21616, 1, 0, [12 306]
514, 1, 1, 17037, 1, 0, [13 171]
515, 1, 1, 30618, 1, 0, [14 330]
516, 1, 1, 14767, 1, 0, [14 227]
517, 1, 1, 64377, 1, 0, [14 230]
518, 1, 1, 24383, 1, 0, [14 114]
519, 1, 1, 200136, 1, 0, [15 462]
520, 1, 1, 14011, 1, 0, [16 220]
521, 1, 1, 25775, 1, 0, [17 151]
522, 1, 1, 29009, 1, 0, [18 81]
523, 1, 1, 15986, 1, 0, [19 92]
524, 1, 1, 21890, 1, 0, [20 255]
525, 1, 1, 316402, 1, 0, [21 367]
526, 1, 1, 38698, 1, 0, [22 186]
527, 1, 1, 19632, 1, 0, [23 125]
528, 1, 1, 18402, 1, 0, [24 190]
529, 1, 1, 27708, 1, 0, [25 142]
530, 1, 1, 17283, 1, 0, [26 204]
531, 1, 1, 25830, 1, 0, [27 458]
532, 1, 1, 20931, 1, 0, [28 383]
533, 1, 1, 24899, 1, 0, [29 383]
534, 1, 1, 209382, 1, 0, [29 338]
535, 1, 1, 48748, 1, 0, [29 165]
536, 1, 1, 55484, 1, 0, [29 223]
537, 1, 1, 23092, 1, 0, [29 435]
538, 1, 1, 18667, 1, 0, [29 275]
539, 1, 1, 61756, 1, 0, [29 161]
540, 1, 1, 113580, 1, 0, [29 493]
541, 1, 1, 158319, 1, 0, [29 459]
542, 1, 1, 13750, 1, 0, [29 303]
543, 1, 1, 66415, 1, 0, [29 477]
544, 1, 1, 29266, 1, 0, [30 58]
545, 1, 1, 18733, 1, 0, [31 68]
546, 1, 1, 32914, 1, 0, [32 407]
547, 1, 1, 168477, 1, 0, [33 54]
548, 1, 1, 14872, 1, 0, [34 179]
549, 1, 1, 32366, 1, 0, [34 264]
550, 1, 1, 13725, 1, 0, [34 465]
551, 1, 1, 17404, 1, 0, [34 64]
552, 1, 1, 22766, 1, 0, [34 338]
553, 1, 1, 14046, 1, 0, [35 262]
554, 1, 1, 56002, 1, 0, [36 395]
555, 1, 1, 435989, 1, 0, [37 66]
556, 1, 1, 553569, 1, 0, [38 453]
557, 1, 1, 14990, 1, 0, [39 270]
558, 1, 1, 61067, 1, 0, [39 476]
559, 1, 1, 49418, 1, 0, [39 114]
560, 1, 1, 14061, 1, 0, [39 17]
561, 1, 1, 23002, 1, 0, [39 262]
562, 1, 1, 91756, 1, 0, [39 225]
563, 1, 1, 238285, 1, 0, [39 127]
564, 1, 1, 19316, 1, 0, [39 285]
565, 1, 1, 25817, 1, 0, [39 167]
566, 1, 1, 140833, 1, 0, [39 21]
567, 1, 1, 17547, 1, 0, [39 124]
568, 1, 1, 38070, 1, 0, [39 96]
569, 1, 1, 21659, 1, 0, [39 432]
570, 1, 1, 31212, 1, 0, [39 107]
571, 1, 1, 17463, 1, 0, [39 436]
572, 1, 1, 14761, 1, 0, [40 101]
573, 1, 1, 203050, 1, 0, [41 173]
574, 1, 1, 15552, 1, 0, [41 362]
575, 1, 1, 32186, 1, 0, [41 382]
576, 1, 1, 394687, 1, 0, [41 25]
577, 1, 1, 65175, 1, 0, [41 93]
578, 1, 1, 20999, 1, 0, [41 490]
579, 1, 1, 44368, 1, 0, [41 493]
580, 1, 1, 15051, 1, 0, [41 308]
581, 1, 1, 23857, 1, 0, [41 423]
582, 1, 1, 31193, 1, 0, [41 168]
583, 1, 1, 14508, 1, 0, [41 155]
584, 1, 1, 49965, 1, 0, [41 273]
585, 1, 1, 40134, 1, 0, [42 163]
586, 1, 1, 402053, 1, 0, [43 339]
587, 1, 1, 51364, 1, 0, [44 27]
588, 1, 1, 135818, 1, 0, [45 115]
589, 1, 1, 39648, 1, 0, [46 329]
590, 1, 1, 19577, 1, 0, [47 325]
591, 1, 1, 44814, 1, 0, [48 467]
592, 1, 1, 37591, 1, 0, [49 473]
593, 1, 1, 14378, 1, 0, [49 278]
594, 1, 1, 14067, 1, 0, [49 340]
595, 1, 1, 18698, 1, 0, [49 76]
596, 1, 1, 23341, 1, 0, [49 45]
597, 1, 1, 28871, 1, 0, [49 20]
598, 1, 1, 17659, 1, 0, [49 146]
599, 1, 1, 84630, 1, 0, [50 212]
600, 1, 1, 14309, 1, 0, [50 334]
601, 1, 1, 188883, 1, 0, [50 144]
602, 1, 1, 19273, 1, 0, [51 428]
603, 1, 1, 34226, 1, 0, [52 233]
604, 1, 1, 20423, 1, 0, [53 243]
605, 1, 1, 67980, 1, 0, [53 171]
606, 1, 1, 33115, 1, 0, [53 216]
607, 1, 1, 16183, 1, 0, [53 247]
608, 1, 1, 68225, 1, 0, [53 217]
609, 1, 1, 25012, 1, 0, [55 363]
610, 1, 1, 245199, 1, 0, [56 127]
611, 1, 1, 20873, 1, 0, [57 343]
612, 1, 1, 18111, 1, 0, [59 350]
613, 1, 1, 48453, 1, 0, [60 73]
614, 1, 1, 127923, 1, 0, [60 359]
615, 1, 1, 40893, 1, 0, [60 218]
616, 1, 1, 27499, 1, 0, [60 426]
617, 1, 1, 35599, 1, 0, [60 50]
618, 1, 1, 73153, 1, 0, [60 57]
619, 1, 1, 434127, 1, 0, [60 95]
620, 1, 1, 24688, 1, 0, [61 40]
621, 1, 1, 181502, 1, 0, [62 283]
622, 1, 1, 69882, 1, 0, [63 283]
623, 1, 1, 103903, 1, 0, [65 241]
624, 1, 1, 52188, 1, 0, [67 132]
625, 1, 1, 30078, 1, 0, [69 149]
626, 1, 1, 20361, 1, 0, [70 314]
627, 1, 1, 14614, 1, 0, [71 387]
628, 1, 1, 16539, 1, 0, [72 158]
629, 1, 1, 17141, 1, 0, [72 243]
630, 1, 1, 47799, 1, 0, [72 252]
631, 1, 1, 27320, 1, 0, [72 333]
632, 1, 1, 94282, 1, 0, [74 51]
633, 1, 1, 33911, 1, 0, [75 47]
634, 1, 1, 19177, 1, 0, [77 160]
635, 1, 1, 83234, 1, 0, [78 33]
636, 1, 1, 29223, 1, 0, [79 433]
637, 1, 1, 382850, 1, 0, [80 477]
638, 1, 1, 16265, 1, 0, [80 463]
639, 1, 1, 26266, 1, 0, [80 152]
640, 1, 1, 39822, 1, 0, [80 494]
641, 1, 1, 15372, 1, 0, [82 112]
642, 1, 1, 20849, 1, 0, [83 416]
643, 1, 1, 70410, 1, 0, [84 384]
644, 1, 1, 43414, 1, 0, [85 64]
645, 1, 1, 15640, 1, 0, [86 492]
646, 1, 1, 165621, 1, 0, [87 488]
647, 1, 1, 157893, 1, 0, [88 86]
648, 1, 1, 43424, 1, 0, [89 316]
649, 1, 1, 33080, 1, 0, [90 37]
650, 1, 1, 467379, 1, 0, [91 283]
651, 1, 1, 24727, 1, 0, [91 72]
652, 1, 1, 24906, 1, 0, [91 186]
653, 1, 1, 58971, 1, 0, [91 141]
654, 1, 1, 18542, 1, 0, [91 182]
655, 1, 1, 265732, 1, 0, [91 495]
656, 1, 1, 18177, 1, 0, [91 324]
657, 1, 1, 65457, 1, 0, [91 499]
658, 1, 1, 53998, 1, 0, [92 287]
659, 1, 1, 80099, 1, 0, [92 494]
660, 1, 1, 29289, 1, 0, [94 109]
661, 1, 1, 230150, 1, 0, [94 71]
662, 1, 1, 25561, 1, 0, [94 348]
663, 1, 1, 69997, 1, 0, [94 319]
664, 1, 1, 25473, 1, 0, [94 347]
665, 1, 1, 29987, 1, 0, [97 434]
666, 1, 1, 17098, 1, 0, [98 132]
667, 1, 1, 31995, 1, 0, [99 422]
668, 1, 1, 15251, 1, 0, [100 199]
669, 1, 1, 31485, 1, 0, [100 97]
670, 1, 1, 50470, 1, 0, [100 298]
671, 1, 1, 101635, 1, 0, [102 378]
672, 1, 1, 14072, 1, 0, [103 68]
673, 1, 1, 52229, 1, 0, [104 453]
674, 1, 1, 18957, 1, 0, [105 207]
675, 1, 1, 59695, 1, 0, [106 310]
676, 1, 1, 30424, 1, 0, [108 353]
677, 1, 1, 14549, 1, 0, [110 455]
678, 1, 1, 124753, 1, 0, [111 365]
679, 1, 1, 92169, 1, 0, [113 0]
680, 1, 1, 42983, 1, 0, [116 237]
681, 1, 1, 14161, 1, 0, [117 431]
682, 1, 1, 14300, 1, 0, [118 339]
683, 1, 1, 45040, 1, 0, [119 190]
684, 1, 1, 23048, 1, 0, [120 302]
685, 1, 1, 21717, 1, 0, [121 56]
686, 1, 1, 196337, 1, 0, [121 89]
687, 1, 1, 15541, 1, 0, [121 469]
688, 1, 1, 88765, 1, 0, [121 450]
689, 1, 1, 39101, 1, 0, [121 374]
690, 1, 1, 114771, 1, 0, [121 303]
691, 1, 1, 67009, 1, 0, [121 253]
692, 1, 1, 72888, 1, 0, [121 236]
693, 1, 1, 15512, 1, 0, [121 43]
694, 1, 1, 454216, 1, 0, [121 170]
695, 1, 1, 30202, 1, 0, [121 36]
696, 1, 1, 14860, 1, 0, [121 266]
697, 1, 1, 22492, 1, 0, [122 377]
698, 1, 1, 144146, 1, 0, [123 321]
699, 1, 1, 35202, 1, 0, [123 218]
700, 1, 1, 82786, 1, 0, [126 436]
701, 1, 1, 70189, 1, 0, [128 340]
702, 1, 1, 50022, 1, 0, [129 413]
703, 1, 1, 14623, 1, 0, [129 287]
704, 1, 1, 17029, 1, 0, [129 64]
705, 1, 1, 25272, 1, 0, [129 130]
706, 1, 1, 16720, 1, 0, [129 62]
707, 1, 1, 305646, 1, 0, [129 416]
708, 1, 1, 18219, 1, 0, [131 133]
709, 1, 1, 14995, 1, 0, [134 272]
710, 1, 1, 125708, 1, 0, [135 287]
711, 1, 1, 277837, 1, 0, [136 473]
712, 1, 1, 13649, 1, 0, [137 248]
713, 1, 1, 43023, 1, 0, [138 126]
714, 1, 1, 621313, 1, 0, [139 435]
715, 1, 1, 23249, 1, 0, [140 399]
716, 1, 1, 72275, 1, 0, [140 62]
717, 1, 1, 44563, 1, 0, [140 2]
718, 1, 1, 36422, 1, 0, [140 111]
719, 1, 1, 18848, 1, 0, [140 285]
720, 1, 1, 19738, 1, 0, [140 144]
721, 1, 1, 98086, 1, 0, [140 237]
722, 1, 1, 33191, 1, 0, [141 303]
723, 1, 1, 22860, 1, 0, [141 164]
724, 1, 1, 83083, 1, 0, [141 10]
725, 1, 1, 17109, 1, 0, [141 482]
726, 1, 1, 44236, 1, 0, [141 300]
727, 1, 1, 21857, 1, 0, [141 378]
728, 1, 1, 29337, 1, 0, [141 256]
729, 1, 1, 25459, 1, 0, [141 22]
730, 1, 1, 350595, 1, 0, [141 374]
731, 1, 1, 43821, 1, 0, [141 151]
732, 1, 1, 61489, 1, 0, [141 69]
733, 1, 1, 293288, 1, 0, [141 462]
734, 1, 1, 15276, 1, 0, [143 414]
735, 1, 1, 27905, 1, 0, [145 170]
736, 1, 1, 13972, 1, 0, [147 371]
737, 1, 1, 16371, 1, 0, [147 498]
738, 1, 1, 22206, 1, 0, [148 37]
739, 1, 1, 28370, 1, 0, [153 84]
740, 1, 1, 80463, 1, 0, [154 287]
741, 1, 1, 15228, 1, 0, [156 353]
742, 1, 1, 14497, 1, 0, [157 186]
743, 1, 1, 16208, 1, 0, [157 138]
744, 1, 1, 23505, 1, 0, [157 50]
745, 1, 1, 16862, 1, 0, [159 116]
746, 1, 1, 16180, 1, 0, [162 74]
747, 1, 1, 13689, 1, 0, [165 245]
748, 1, 1, 96758, 1, 0, [165 381]
749, 1, 1, 17847, 1, 0, [165 383]
750, 1, 1, 19277, 1, 0, [165 487]
751, 1, 1, 385697, 1, 0, [165 49]
752, 1, 1, 178431, 1, 0, [165 477]
753, 1, 1, 14800, 1, 0, [165 136]
754, 1, 1, 50069, 1, 0, [165 225]
755, 1, 1, 178401, 1, 0, [165 444]
756, 1, 1, 27064, 1, 0, [165 64]
757, 1, 1, 43362, 1, 0, [165 428]
758, 1, 1, 14785, 1, 0, [165 50]
759, 1, 1, 17075, 1, 0, [165 382]
760, 1, 1, 36692, 1, 0, [165 346]
761, 1, 1, 17741, 1, 0, [166 73]
762, 1, 1, 18800, 1, 0, [169 443]
763, 1, 1, 52104, 1, 0, [172 118]
764, 1, 1, 101789, 1, 0, [172 245]
765, 1, 1, 46170, 1, 0, [174 458]
766, 1, 1, 183016, 1, 0, [175 194]
767, 1, 1, 23388, 1, 0, [177 361]
768, 1, 1, 52304, 1, 0, [177 45]
769, 1, 1, 141465, 1, 0, [177 362]
770, 1, 1, 66887, 1, 0, [177 370]
771, 1, 1, 56174, 1, 0, [178 266]
772, 1, 1, 146031, 1, 0, [180 161]
773, 1, 1, 33785, 1, 0, [181 0]
774, 1, 1, 13920, 1, 0, [181 27]
775, 1, 1, 42868, 1, 0, [181 407]
776, 1, 1, 79530, 1, 0, [181 204]
777, 1, 1, 24399, 1, 0, [181 121]
778, 1, 1, 140005, 1, 0, [181 489]
779, 1, 1, 34949, 1, 0, [181 120]
780, 1, 1, 38867, 1, 0, [181 93]
781, 1, 1, 562122, 1, 0, [181 432]
782, 1, 1, 106093, 1, 0, [181 368]
783, 1, 1, 52247, 1, 0, [181 155]
784, 1, 1, 32334, 1, 0, [181 450]
785, 1, 1, 41676, 1, 0, [181 359]
786, 1, 1, 392133, 1, 0, [181 351]
787, 1, 1, 25293, 1, 0, [181 291]
788, 1, 1, 26205, 1, 0, [181 464]
789, 1, 1, 45246, 1, 0, [183 159]
790, 1, 1, 79991, 1, 0, [184 139]
791, 1, 1, 168775, 1, 0, [185 451]
792, 1, 1, 86382, 1, 0, [187 497]
793, 1, 1, 77140, 1, 0, [188 295]
794, 1, 1, 17123, 1, 0, [189 286]
795, 1, 1, 22651, 1, 0, [191 317]
796, 1, 1, 241488, 1, 0, [192 78]
797, 1, 1, 25238, 1, 0, [193 279]
798, 1, 1, 33848, 1, 0, [195 211]
799, 1, 1, 587686, 1, 0, [196 182]
800, 1, 1, 15131, 1, 0, [197 372]
801, 1, 1, 62462, 1, 0, [198 338]
802, 1, 1, 52709, 1, 0, [200 465]
803, 1, 1, 43169, 1, 0, [201 450]
804, 1, 1, 17561, 1, 0, [202 63]
805, 1, 1, 19694, 1, 0, [203 32]
806, 1, 1, 20165, 1, 0, [205 283]
807, 1, 1, 63735, 1, 0, [206 94]
808, 1, 1, 25590, 1, 0, [208 443]
809, 1, 1, 50069, 1, 0, [209 278]
810, 1, 1, 27234, 1, 0, [210 83]
811, 1, 1, 15382, 1, 0, [213 315]
812, 1, 1, 320141, 1, 0, [214 282]
813, 1, 1, 53887, 1, 0, [215 200]
814, 1, 1, 18253, 1, 0, [219 436]
815, 1, 1, 14025, 1, 0, [221 58]
816, 1, 1, 24095, 1, 0, [222 87]
817, 1, 1, 15237, 1, 0, [224 187]
818, 1, 1, 18284, 1, 0, [226 241]
819, 1, 1, 20944, 1, 0, [228 242]
820, 1, 1, 31103, 1, 0, [229 48]
821, 1, 1, 38937, 1, 0, [231 105]
822, 1, 1, 77286, 1, 0, [232 477]
823, 1, 1, 13837, 1, 0, [234 398]
824, 1, 1, 65616, 1, 0, [235 220]
825, 1, 1, 14384, 1, 0, [238 235]
826, 1, 1, 22069, 1, 0, [239 269]
827, 1, 1, 37659, 1, 0, [240 265]
828, 1, 1, 116848, 1, 0, [244 322]
829, 1, 1, 120478, 1, 0, [246 352]
830, 1, 1, 22089, 1, 0, [249 238]
831, 1, 1, 59957, 1, 0, [250 473]
832, 1, 1, 514018, 1, 0, [251 234]
833, 1, 1, 25363, 1, 0, [254 453]
834, 1, 1, 15267, 1, 0, [257 486]
835, 1, 1, 56372, 1, 0, [258 330]
836, 1, 1, 30726, 1, 0, [259 262]
837, 1, 1, 220772, 1, 0, [259 209]
838, 1, 1, 96224, 1, 0, [259 339]
839, 1, 1, 112687, 1, 0, [259 25]
840, 1, 1, 24352, 1, 0, [259 115]
841, 1, 1, 17527, 1, 0, [259 2]
842, 1, 1, 37861, 1, 0, [259 38]
843, 1, 1, 60148, 1, 0, [259 279]
844, 1, 1, 15708, 1, 0, [259 110]
845, 1, 1, 75313, 1, 0, [259 232]
846, 1, 1, 309912, 1, 0, [259 136]
847, 1, 1, 49815, 1, 0, [259 9]
848, 1, 1, 179462, 1, 0, [259 252]
849, 1, 1, 48710, 1, 0, [259 357]
850, 1, 1, 79946, 1, 0, [260 452]
851, 1, 1, 19620, 1, 0, [260 88]
852, 1, 1, 27905, 1, 0, [260 129]
853, 1, 1, 42061, 1, 0, [260 15]
854, 1, 1, 15788, 1, 0, [260 415]
855, 1, 1, 16987, 1, 0, [260 90]
856, 1, 1, 16900, 1, 0, [260 348]
857, 1, 1, 28780, 1, 0, [260 177]
858, 1, 1, 14282, 1, 0, [260 140]
859, 1, 1, 67471, 1, 0, [260 347]
860, 1, 1, 15376, 1, 0, [260 112]
861, 1, 1, 22112, 1, 0, [260 417]
862, 1, 1, 106391, 1, 0, [260 343]
863, 1, 1, 41408, 1, 0, [263 49]
864, 1, 1, 20995, 1, 0, [267 100]
865, 1, 1, 141847, 1, 0, [268 29]
866, 1, 1, 60669, 1, 0, [271 135]
867, 1, 1, 118935, 1, 0, [274 80]
868, 1, 1, 27383, 1, 0, [276 253]
869, 1, 1, 328074, 1, 0, [277 83]
870, 1, 1, 295809, 1, 0, [277 82]
871, 1, 1, 27226, 1, 0, [277 117]
872, 1, 1, 189602, 1, 0, [277 157]
873, 1, 1, 24583, 1, 0, [277 399]
874, 1, 1, 108561, 1, 0, [277 488]
875, 1, 1, 302340, 1, 0, [277 387]
876, 1, 1, 20914, 1, 0, [277 58]
877, 1, 1, 43570, 1, 0, [277 367]
878, 1, 1, 33244, 1, 0, [277 402]
879, 1, 1, 29063, 1, 0, [277 281]
880, 1, 1, 15665, 1, 0, [277 373]
881, 1, 1, 33316, 1, 0, [280 437]
882, 1, 1, 27470, 1, 0, [284 109]
883, 1, 1, 31112, 1, 0, [288 41]
884, 1, 1, 15071, 1, 0, [289 276]
885, 1, 1, 19866, 1, 0, [290 125]
886, 1, 1, 19456, 1, 0, [291 21]
887, 1, 1, 21530, 1, 0, [291 280]
888, 1, 1, 14182, 1, 0, [291 183]
889, 1, 1, 24520, 1, 0, [291 393]
890, 1, 1, 495390, 1, 0, [291 300]
891, 1, 1, 33736, 1, 0, [291 135]
892, 1, 1, 37073, 1, 0, [291 119]
893, 1, 1, 14242, 1, 0, [291 28]
894, 1, 1, 17737, 1, 0, [292 70]
895, 1, 1, 23567, 1, 0, [293 287]
896, 1, 1, 215283, 1, 0, [294 4]
897, 1, 1, 18088, 1, 0, [294 163]
898, 1, 1, 64556, 1, 0, [296 223]
899, 1, 1, 14463, 1, 0, [297 129]
900, 1, 1, 16435, 1, 0, [299 16]
901, 1, 1, 16426, 1, 0, [301 106]
902, 1, 1, 82767, 1, 0, [301 33]
903, 1, 1, 27289, 1, 0, [301 412]
904, 1, 1, 157212, 1, 0, [301 349]
905, 1, 1, 15050, 1, 0, [304 217]
906, 1, 1, 194458, 1, 0, [304 428]
907, 1, 1, 13883, 1, 0, [305 431]
908, 1, 1, 17319, 1, 0, [307 225]
909, 1, 1, 16046, 1, 0, [309 103]
910, 1, 1, 18546, 1, 0, [311 97]
911, 1, 1, 20300, 1, 0, [312 129]
912, 1, 1, 18885, 1, 0, [313 437]
913, 1, 1, 65380, 1, 0, [313 231]
914, 1, 1, 15372, 1, 0, [313 197]
915, 1, 1, 41215, 1, 0, [316 122]
916, 1, 1, 42734, 1, 0, [318 4]
917, 1, 1, 110635, 1, 0, [319 356]
918, 1, 1, 14245, 1, 0, [319 201]
919, 1, 1, 58986, 1, 0, [319 355]
920, 1, 1, 34623, 1, 0, [319 266]
921, 1, 1, 88670, 1, 0, [319 438]
922, 1, 1, 21113, 1, 0, [319 57]
923, 1, 1, 330745, 1, 0, [319 134]
924, 1, 1, 22285, 1, 0, [319 51]
925, 1, 1, 43030, 1, 0, [319 187]
926, 1, 1, 30677, 1, 0, [320 123]
927, 1, 1, 153421, 1, 0, [321 452]
928, 1, 1, 208611, 1, 0, [323 318]
929, 1, 1, 132183, 1, 0, [324 116]
930, 1, 1, 39743, 1, 0, [326 435]
931, 1, 1, 14043, 1, 0, [327 43]
932, 1, 1, 17715, 1, 0, [328 189]
933, 1, 1, 54842, 1, 0, [331 131]
934, 1, 1, 18828, 1, 0, [332 404]
935, 1, 1, 72771, 1, 0, [335 467]
936, 1, 1, 392005, 1, 0, [336 101]
937, 1, 1, 16403, 1, 0, [337 19]
938, 1, 1, 250804, 1, 0, [341 245]
939, 1, 1, 304533, 1, 0, [342 126]
940, 1, 1, 64794, 1, 0, [344 51]
941, 1, 1, 270560, 1, 0, [345 303]
942, 1, 1, 38710, 1, 0, [345 383]
943, 1, 1, 52089, 1, 0, [345 327]
944, 1, 1, 19305, 1, 0, [345 114]
945, 1, 1, 342929, 1, 0, [345 85]
946, 1, 1, 609608, 1, 0, [345 358]
947, 1, 1, 15664, 1, 0, [346 169]
948, 1, 1, 77317, 1, 0, [346 455]
949, 1, 1, 297731, 1, 0, [346 233]
950, 1, 1, 14046, 1, 0, [354 252]
951, 1, 1, 35604, 1, 0, [355 243]
952, 1, 1, 22772, 1, 0, [355 251]
953, 1, 1, 26245, 1, 0, [355 197]
954, 1, 1, 41670, 1, 0, [355 287]
955, 1, 1, 83335, 1, 0, [355 262]
956, 1, 1, 46518, 1, 0, [355 316]
957, 1, 1, 25161, 1, 0, [355 206]
958, 1, 1, 350910, 1, 0, [355 348]
959, 1, 1, 39582, 1, 0, [355 478]
960, 1, 1, 29640, 1, 0, [360 358]
961, 1, 1, 13786, 1, 0, [363 275]
962, 1, 1, 442735, 1, 0, [363 294]
963, 1, 1, 22795, 1, 0, [363 436]
964, 1, 1, 119232, 1, 0, [363 130]
965, 1, 1, 15348, 1, 0, [363 271]
966, 1, 1, 117380, 1, 0, [363 157]
967, 1, 1, 47309, 1, 0, [363 439]
968, 1, 1, 202076, 1, 0, [363 230]
969, 1, 1, 18227, 1, 0, [363 251]
970, 1, 1, 68407, 1, 0, [363 43]
971, 1, 1, 34857, 1, 0, [363 460]
972, 1, 1, 49445, 1, 0, [363 72]
973, 1, 1, 365713, 1, 0, [363 325]
974, 1, 1, 583751, 1, 0, [363 343]
975, 1, 1, 62249, 1, 0, [363 202]
976, 1, 1, 58347, 1, 0, [363 75]
977, 1, 1, 97527, 1, 0, [364 329]
978, 1, 1, 20465, 1, 0, [366 467]
979, 1, 1, 27640, 1, 0, [369 125]
980, 1, 1, 17767, 1, 0, [373 439]
981, 1, 1, 60548, 1, 0, [373 306]
982, 1, 1, 178894, 1, 0, [373 35]
983, 1, 1, 20201, 1, 0, [373 325]
984, 1, 1, 80091, 1, 0, [373 362]
985, 1, 1, 48603, 1, 0, [373 59]
986, 1, 1, 371971, 1, 0, [373 65]
987, 1, 1, 15380, 1, 0, [376 257]
988, 1, 1, 16671, 1, 0, [379 256]
989, 1, 1, 403080, 1, 0, [380 313]
990, 1, 1, 169574, 1, 0, [385 421]
991, 1, 1, 13721, 1, 0, [385 268]
992, 1, 1, 19436, 1, 0, [385 117]
993, 1, 1, 30501, 1, 0, [385 70]
994, 1, 1, 27890, 1, 0, [386 286]
995, 1, 1, 17307, 1, 0, [386 359]
996, 1, 1, 61103, 1, 0, [386 79]
997, 1, 1, 237307, 1, 0, [386 348]
998, 1, 1, 41556, 1, 0, [386 298]
999, 1, 1, 15801, 1, 0, [386 298]
1000, 1, 1, 21019, 1, 0, [386 16]
1001, 1, 1, 96172, 1, 0, [386 176]
1002, 1, 1, 36858, 1, 0, [386 215]
1003, 1, 1, 66562, 1, 0, [386 190]
1004, 1, 1, 100563, 1, 0, [388 314]
1005, 1, 1, 249817, 1, 0, [389 70]
1006, 1, 1, 15634, 1, 0, [390 461]
1007, 1, 1, 15567, 1, 0, [391 19]
1008, 1, 1, 17659, 1, 0, [392 59]
1009, 1, 1, 19016, 1, 0, [394 17]
1010, 1, 1, 27627, 1, 0, [396 478]
1011, 1, 1, 84361, 1, 0, [397 102]
1012, 1, 1, 27552, 1, 0, [400 99]
1013, 1, 1, 21492, 1, 0, [401 301]
1014, 1, 1, 113346, 1, 0, [403 8]
1015, 1, 1, 41547, 1, 0, [404 428]
1016, 1, 1, 28872, 1, 0, [404 223]
1017, 1, 1, 44490, 1, 0, [404 215]
1018, 1, 1, 18544, 1, 0, [404 80]
1019, 1, 1, 46939, 1, 0, [404 130]
1020, 1, 1, 106028, 1, 0, [404 81]
1021, 1, 1, 48145, 1, 0, [404 47]
1022, 1, 1, 20818, 1, 0, [404 33]
1023, 1, 1, 26990, 1, 0, [404 84]
1024, 1, 1, 14594, 1, 0, [404 183]
1025, 1, 1, 24266, 1, 0, [404 198]
1026, 1, 1, 31360, 1, 0, [405 96]
1027, 1, 1, 23336, 1, 0, [406 173]
1028, 1, 1, 14891, 1, 0, [408 439]
1029, 1, 1, 31760, 1, 0, [409 124]
1030, 1, 1, 19353, 1, 0, [410 345]
1031, 1, 1, 115176, 1, 0, [411 47]
1032, 1, 1, 58567, 1, 0, [418 56]
1033, 1, 1, 77989, 1, 0, [419 237]
1034, 1, 1, 270253, 1, 0, [420 142]
1035, 1, 1, 48694, 1, 0, [423 246]
1036, 1, 1, 18809, 1, 0, [423 11]
1037, 1, 1, 46548, 1, 0, [423 241]
1038, 1, 1, 117643, 1, 0, [423 146]
1039, 1, 1, 368460, 1, 0, [424 157]
1040, 1, 1, 54030, 1, 0, [425 486]
1041, 1, 1, 29426, 1, 0, [427 2]
1042, 1, 1, 104765, 1, 0, [429 365]
1043, 1, 1, 79669, 1, 0, [430 472]
1044, 1, 1, 102260, 1, 0, [440 32]
1045, 1, 1, 412199, 1, 0, [441 228]
1046, 1, 1, 243530, 1, 0, [442 175]
1047, 1, 1, 263623, 1, 0, [444 344]
1048, 1, 1, 21457, 1, 0, [444 390]
1049, 1, 1, 65980, 1, 0, [445 366]
1050, 1, 1, 33682, 1, 0, [446 434]
1051, 1, 1, 20077, 1, 0, [448 42]
1052, 1, 1, 32719, 1, 0, [448 115]
1053, 1, 1, 129206, 1, 0, [449 51]
1054, 1, 1, 16440, 1, 0, [454 381]
1055, 1, 1, 16668, 1, 0, [456 165]
1056, 1, 1, 16669, 1, 0, [457 192]
1057, 1, 1, 15558, 1, 0, [466 73]
1058, 1, 1, 197161, 1, 0, [468 302]
1059, 1, 1, 143530, 1, 0, [470 342]
1060, 1, 1, 25337, 1, 0, [471 98]
1061, 1, 1, 43163, 1, 0, [474 261]
1062, 1, 1, 58991, 1, 0, [475 109]
1063, 1, 1, 19407, 1, 0, [479 426]
1064, 1, 1, 299820, 1, 0, [480 465]
1065, 1, 1, 125254, 1, 0, [481 478]
1066, 1, 1, 18310, 1, 0, [483 368]
1067, 1, 1, 27629, 1, 0, [484 231]
1068, 1, 1, 26941, 1, 0, [485 193]
1069, 1, 1, 48578, 1, 0, [491 157]
1070, 1, 1, 80706, 1, 0, [496 435]
1071, 1, 1, 17608, 1, 0, [289 137]
1072, 1, 1, 21569, 1, 0, [6 229]
1073, 1, 1, 152800, 1, 0, [387 322]
1074, 1, 1, 219211, 1, 0, [368 160]
1075, 1, 1, 133908, 1, 0, [146 371]
1076, 1, 1, 34893, 1, 0, [106 282]
1077, 1, 1, 14224, 1, 0, [270 133]
1078, 1, 1, 175803, 1, 0, [372 103]
1079, 1, 1, 19541, 1, 0, [26 46]
1080, 1, 1, 46376, 1, 0, [32 315]
1081, 1, 1, 76138, 1, 0, [136 239]
1082, 1, 1, 28934, 1, 0, [149 185]
1083, 1, 1, 43535, 1, 0, [454 369]
1084, 1, 1, 16911, 1, 0, [198 211]
1085, 1, 1, 294918, 1, 0, [311 61]
1086, 1, 1, 114983, 1, 0, [254 99]
1087, 1, 1, 68013, 1, 0, [138 108]
1088, 1, 1, 50329, 1, 0, [29 425]
1089, 1, 1, 27736, 1, 0, [112 242]
1090, 1, 1, 27463, 1, 0, [429 132]
1091, 1, 1, 18695, 1, 0, [221 143]
1092, 1, 1, 16680, 1, 0, [460 240]
1093, 1, 1, 36901, 1, 0, [268 191]
1094, 1, 1, 27653, 1, 0, [248 175]
1095, 1, 1, 39247, 1, 0, [434 430]
1096, 1, 1, 27302, 1, 0, [342 295]
